Id,Age,Gender,Name
9b02acd3-b55e-4472-94b2-9304a821e814,21,M,Jeff Black
9950cbf9-f138-4439-a270-7e3b1a706d39,22, ,
92d8bae6-79d2-4946-a2b4-5a915da969cb,22, ,
c58d2a7e-5adc-42e0-8fe6-0d68446fa02f,22, ,
24bbd0d4-d2cf-4316-b958-2f380345f606,22, ,
56e616d6-4e7f-4f1a-95fe-b7496a33dce8,22, ,
8ced38c7-1d45-4a41-b49a-b54fb1283f8e,22, ,
3c44d124-7c41-4138-9695-beb463599337,22, ,
21f6d092-9fcd-4e22-82b9-51ceb21527b0,22, ,
4175ffd4-01e9-4e92-9dd2-392dd3631a51,22, ,
4363ef91-16ba-49cc-9ec9-915da149fe79,22, ,
efaa6931-7d99-400c-98bb-a29b9cee5d7d,22, ,
427155bf-4776-47c5-83e1-3326bda8e97a,22, ,
4f8d096e-ba72-4444-80b4-1a884de1e72d,22, ,
8305721d-5fc0-48f0-a3ee-9001226cb316,22, ,
3ca7e297-6f40-4344-9351-10f59521c7c2,22, ,
9fbf5489-015e-40e7-a21f-24e166d44725,22, ,
cea0b30b-c127-453c-9278-1216fd1bb23b,22, ,
2e11e1d1-eed5-4d84-95e7-4cf9ffbb13af,22, ,
b46708f7-6b14-4aab-b2cc-cfdb5384a551,22, ,
64e641ad-fb24-4c29-a9f3-92e534a6ded6,22, ,
b99f5eaa-2f79-4557-974d-58f5f47ed2f9,22, ,
8250a9ac-0754-4ed3-88cc-28d4f7bc2583,22, ,
2c5b19cc-6f73-4ef2-bbc3-4a9583da33fd,22, ,
a1e9488b-9803-4312-bdfd-28dc468c6c40,22, ,
fb79b74b-2d48-4079-83b3-de56a00a2192,22, ,
f52de321-6962-4aeb-b344-62b74d0a02c0,22, ,
e4fdc06e-bd6e-452b-8791-c60b7ddea26f,22, ,
084e0cdf-040f-422a-a6cb-4581ef0750c5,22, ,
7d2bd8fb-252a-4ebb-9ff4-f0e67bb5a04a,22, ,
f7882aa6-1d0c-42fe-a468-becec74dcaa2,22, ,
7fd0b8c2-31a4-49eb-8aec-63c0fb3138cd,22, ,
31a1575e-e9e8-4d80-87cd-aa8fe0ca48fb,22, ,
accb37f6-3219-4e9f-9955-5cb6457b63c9,22, ,
a851b018-1731-4173-b428-b17d0c838c48,22, ,
0031e2a4-18d8-4585-845e-7ff85141d534,22, ,
1e46d4ef-67bc-4648-ad92-97ebfdb4c0ac,65, ,
ab5b90e5-d819-4120-b7ca-30abfcf1624a,65, ,
240fe3c3-3248-4f42-a803-6917cc35794d,65, ,
9e5dfa33-8f4f-4dd5-912b-9a441fa49dfe,65, ,
f2c080ab-8231-4e10-9ffa-0ae501792df6,65, ,
aba5f634-7268-4e87-b041-7dee58d470c4,65, ,
5b1b2f30-d4f7-424b-870f-fe7b753b38ac,65, ,
01d55d3e-f1f8-4a89-8adc-13e2b56dc28f,65, ,
0f951d0d-2825-444a-af43-f6ed9c9e3297,65, ,
540ab1a6-a553-48b6-92de-8796df5e0c0a,65, ,
0c0798de-369d-417d-83a4-23531c574ab9,65, ,
5aa6e3d6-a5c5-49bd-a552-41f4aa7b7921,65, ,
539f1fed-946a-485b-a88f-d47db8323a59,65, ,
ec3c577f-f86e-4386-a45a-067d5805b30c,65, ,
3d5bb854-26b4-484f-b35b-8423e443aa50,65, ,
4ccf716f-64eb-4e3f-af0e-ae593565336e,65, ,
71c5d77d-f504-4030-ba4a-311f04b2c1a5,65, ,
66812b82-2a92-45f4-903b-d7c06c44bb06,65, ,
6b6a184d-d237-4ca3-af35-fd64a0af306b,65, ,
88b75329-305d-4df0-a248-9c5856ad6b59,32, ,
ea1daec5-43a4-46c6-a376-7fc4763a732d,32, ,
1d7f4200-80cc-4382-9421-22eb9e135080,32, ,
ebb9aa30-4531-4ca7-9376-462a732597da,32, ,
853494a3-ff68-49a0-9a53-f1c349cfa619,32, ,
328fd88f-8628-47f9-81be-c01e2496e0dc,32, ,
9a264a62-6913-44e5-9ebe-579251f3369c,32, ,
672ffe51-03b8-4c05-b14c-45748155d2a3,32, ,
72e94dad-1640-48af-9cfc-34aa618f0b65,32, ,
fd7fb7c4-3b30-4415-ab62-6b80579db67b,32, ,
70b20ea4-b054-4652-98f8-33c3c4af568e,32, ,
8eab6fcc-50a4-4592-a1a1-66a8189c38ff,32, ,
dd5324f7-2e63-4e71-8f8b-2ccaca0f0e54,32, ,
59580036-124e-4568-b75a-e9daac93d0c6,32, ,
ba5f8f6e-fcdc-4e4f-a99a-3246ff6d658b,32, ,
84b277ea-7191-42c5-8e37-7023c04b5078,32, ,
e479e8aa-e80a-4278-992d-e34ca0782fee,23, ,
f73999d7-8a8f-42d8-a6aa-ad26395e574c,23, ,
97946505-e626-4d64-ab94-246e336570cf,23, ,
43cdc44b-3fcf-462c-9e1c-da8b68688e21,23, ,
8c105bbb-f509-4e0c-ac8e-c396f5195001,23, ,
e8554bcc-88fd-44a0-be32-e782142f9ae9,23, ,
47be0f43-2b5b-4fa9-b761-9c151b1df5f8,23, ,
e5a52b16-3691-40d1-8931-027575b9715b,23, ,
e3ba7c31-67c9-4b7a-a90b-04150e4140c4,23, ,
b1cc9463-3f7b-4598-8e33-a1331ba2b5ca,23, ,
5def7eba-e014-4497-98cc-1ab86f8db678,23, ,
b0905854-a220-401e-8662-6aa3859256b6,23, ,
8b62c088-a020-43f0-a028-bc6440400230,23, ,
26ed3e27-00a4-42ee-a0f0-2b6f486faccc,23, ,
12e68ff6-0085-41cb-b6c9-e3ffeb6434a4,23, ,
437883ff-66eb-43a4-8447-5e717c708f66,23, ,
107009ec-9905-43f1-a5b1-47c213e3ea28,23, ,
6a8c072d-ee4b-45dc-9c99-852c4114729b,23, ,
fb0266db-84d0-485c-92b8-5019e4c380da,23, ,
495093a7-39ac-41ce-8e52-7bdedecf4020,23, ,
c50f4a97-b9fe-4540-8664-8b4eb774d3eb,23, ,
179df28d-619b-4778-80eb-8f256c1c7fbe,42, ,
2feaf77d-6ba5-4b15-b2e1-8e47b05e615a,42, ,
fe680230-ce81-4121-9a9c-3e5d587a1a79,42, ,
453c727e-6c2f-4905-8555-79370cd6cebb,42, ,
e4fb3afc-e3be-4688-8d1c-5972eb644c6d,42, ,
351b1d3f-4f1d-44d0-b988-b749f350da96,42, ,
b7ab5c67-03b4-44be-a06f-3d29506f7cc5,42, ,
a8f06e31-3073-4184-a1bb-fa8e003c6b3f,42, ,
c21a430d-0f7c-47c1-9d70-7896986e7396,42, ,
903ac1e0-73ac-4c17-8bd7-199e6c912b93,42, ,
7016ce29-4187-471a-8163-e463b9a5aa0d,42, ,
245b856e-a813-4f25-8e63-d2a5d3d177fc,42, ,
dcc2b379-196e-4aa3-831b-b0d0b63c0e47,42, ,
1349f555-45fd-4fca-b0b9-5e814f646311,42, ,
bebff464-042c-433f-8973-64d63ac1ea5b,42, ,
be30d520-6b24-45e7-9dac-38e64762e43c,42, ,
1148184d-3dac-4b9a-aacb-9727095c63e7,42, ,
ce13b70e-4cf5-426d-8071-15ad72cb0bad,60, ,
b4be5655-13d3-46a6-b8e9-60fa3e613ba8,60, ,
f75ec55f-81b9-407a-97df-70c5a0f986ed,60, ,
acbf7550-1c2c-48e5-b1c2-50bbf77f54a5,60, ,
a6eaf30f-399e-4774-838a-e8d6344496bb,60, ,
6fcb7955-bbee-4ae7-b958-176ba619090e,60, ,
4c0b894c-7c39-438b-9517-4b66874e8fe9,60, ,
b3c85083-b8d2-4a6d-8353-c9c1fce50fc8,60, ,
e915f2c0-ce1d-4ccd-b951-066c445e44e5,60, ,
d2666fdc-0810-478b-acc5-f014dff052e7,60, ,
30a438cf-56f0-435b-a488-69e7fe7dc953,60, ,
cdca160c-235c-4168-91f9-96bea0f6bd52,60, ,
c84fb9b7-0bb1-4335-b997-c1f719b3f09c,60, ,
aaf9e34f-cf98-4340-a106-c1c2bc47ec7d,60, ,
56f2d886-f4fc-47b9-a073-2c763c16061f,60, ,
c390c73c-bb17-4c89-8ba7-9ac6369b2dba,60, ,
ee1ee90b-a529-4786-b375-136bfa8d0a4d,60, ,
e7291713-66a6-4551-bc45-5421b4f49b34,52, ,
b6e9c3e1-c5fb-4506-bb62-9a6d3e5ec5c5,52, ,
b26fb35c-794f-41d4-a25f-09c7ea612027,52, ,
c04017fb-20cb-4d91-b065-b6fa12f399cc,52, ,
d7f65852-38b5-46cb-ae49-3771d1413bad,52, ,
c2c6203a-f178-41bc-98e7-0677ef91b283,52, ,
6a3f0379-61eb-4e73-8641-4104546aac25,52, ,
75bad01a-e7a7-42c2-a60d-36b12ebad5e0,52, ,
1b6f5b99-b9ac-4212-94fd-d8b2cf556f86,52, ,
2193b898-ba85-4cce-8064-bc43d41c9b20,52, ,
0b7059c4-ac96-4ef5-bd2d-ef18576c77de,52, ,
16867485-ad6a-460c-8755-6dfce3fbf026,52, ,
8346d3ed-5870-43e1-8bdc-6a773403bbfd,52, ,
5bd302d3-498d-41f4-9918-55f8ad8d0eb3,52, ,
b450649c-04de-4937-9498-22877fc5f998,19, ,
6a15ee5a-1832-46c1-adff-412cd3e05e26,19, ,
b42a794a-de26-44e8-b7a8-97543185022a,19, ,
d6433eb7-fe18-4983-a2eb-e10e5d963a7f,19, ,
6a567625-251e-4e87-b487-f3d4672906e3,19, ,
bf8e892f-ccc6-4ab4-aa9c-07523a12552a,19, ,
6425a647-daf7-4972-932a-8b0d53bd790c,19, ,
95084137-6de3-4ba7-adb9-a1dfe3b923ee,19, ,
934095a7-143d-42fb-8ce3-030e6a0a6dd9,19, ,
37897be2-a71c-41a8-b107-adf56f0423ac,19, ,
c80585bf-ed1d-4059-8307-b2c5762af112,19, ,
9746594b-4c0f-47e3-9831-56289bfa253f,19, ,
6543a86e-c3cd-4015-93e1-8fd911e0349e,19, ,
56e602ce-051e-4aa3-9da7-45385d766a9d,19, ,
e6212244-8cca-4bb1-8534-293bb36442b6,19, ,
d0feeaf9-33b0-4579-ae1c-e166adda4ae0,19, ,
027928fd-baad-4c28-997b-d6206a6c634a,19, ,
3c1cdeb2-2750-470f-8dbe-af2d08a15465,37, ,
3da4cead-9cd2-4951-aa46-70e7cb59bae8,37, ,
a82df8f5-55be-4596-bd7e-19538f584f9a,37, ,
ec7a42b5-761a-41e3-8ea3-ffd0f9dae30e,37, ,
507205e8-1920-49db-a123-4bb1c210ff7c,37, ,
7531ed8f-1286-4f59-ac48-3857c59be44f,37, ,
770eb5fd-feb9-439f-abbe-27de26fcf361,37, ,
e55b3317-4216-43fc-93e3-959b2bd76d5e,37, ,
0e75527d-c68c-4d16-8d5b-852cc721aff2,37, ,
c99c3f82-c6a4-4e10-96d6-10811304c910,37, ,
84b1326e-e000-4aec-91c7-fbc766f48fdd,37, ,
b9b1c82c-6ed5-4747-8d40-f40cf285fefb,37, ,
fab9cf9f-dd8c-408b-95dc-2649deec653b,37, ,
f9311bee-e16b-4952-8e2a-98167c4b4ec2,37, ,
7e5b290b-7672-4fdc-af08-2e0d955010d7,37, ,
9ff351ac-806f-41a9-b148-a71772c0b71e,37, ,
94d294be-b07c-4771-8510-988019b97a8e,37, ,
b59866c5-2417-48d8-abf2-8060d4cb4cc1,29, ,
aca38699-3457-488a-acf5-63b1c7ac35f7,29, ,
a25298d8-e1f1-47dc-a0d4-c453c79096ac,29, ,
b64af9d2-6e69-469a-a0c9-1615925fff29,29, ,
e007d35b-ec3b-487b-a380-386a19f6555b,29, ,
605f385d-5e7c-4762-a40e-07b917cc44e3,29, ,
72258e8d-203e-4060-a27d-ffa8ae3027ec,29, ,
3381d294-0a9a-4e95-9da0-28dd29f323f3,29, ,
16b9e7b6-c016-43f7-92ab-c8a948f04976,29, ,
5a209eba-009b-4df9-91ed-d44d792a875e,29, ,
cde4dffa-9679-412f-8d52-df2aa1f31860,29, ,
0d5e393d-c521-428a-afe3-f706fbabd2d3,29, ,
02d7a5fe-f814-441d-be6b-497e1e8df7e7,29, ,
2277c28e-2b6c-4403-a1ff-b9eb078c2830,29, ,
5254e986-f3e2-4b26-9347-0c546f494391,47, ,
0a2a69ee-a5f3-4329-8eba-a719109d5685,47, ,
726dcdf5-a5b9-46e5-b16e-d46ec93a54d3,47, ,
2c922720-6c1d-4c5e-8a97-9ef0a7906394,47, ,
d7c75c6b-57cd-411e-8564-be02555137b8,47, ,
b1a1700a-6c41-4b3f-b817-a07a80f10f18,47, ,
e0a5476c-55d3-49cc-a311-802aab70f58c,47, ,
fa4f7e36-0b91-4587-a5e6-f2d26e08899a,47, ,
40d886a7-2ada-4dd9-914a-28235ef678e9,47, ,
ecf6882a-5c5f-4fce-94cb-5888a53dbee5,47, ,
e71e935d-62d8-40f1-9404-c3ce04515fab,47, ,
076190d8-ff47-4018-bd7a-a73f2a49cb1d,47, ,
c73a4a1d-309d-4b70-adbc-5008a1597752,47, ,
b51749fe-e936-4c2a-958c-63d50ce1f43b,47, ,
af95afeb-ff3e-401b-9371-3f922d70d466,47, ,
b54c27ef-078d-4188-88ad-dd4c9ea4e073,47, ,
1506c3dd-c684-416f-bdcd-4b6ebf08c52a,47, ,
7d35ac90-1fe6-4011-a35a-d8b76037f55a,39, ,
7811fdf7-634a-4032-ba95-8fdc336d2024,39, ,
67c2c23e-8ca0-48af-aa29-d35669ab099d,39, ,
47fffe52-1c26-424d-bd01-049f2bf0af04,39, ,
e61605a4-d557-4a93-b5f2-45c883facd7e,39, ,
19b585d7-204a-448c-987b-3653f90a9945,39, ,
bd5e16d8-6bb6-491a-965e-50ec7aa22dc5,39, ,
d24cc81f-7bd0-41fa-b007-610a16c8649b,39, ,
eaf373da-131e-4aec-a183-bb141d75653b,39, ,
c035b324-a539-4580-aa9a-0a18d64423b3,39, ,
50c38d78-8718-4f27-9ce7-609ab96d742a,58, ,
4e45e72a-85e7-4d4b-84a0-092189ae1f4b,58, ,
b3197ab1-308f-4eec-bb68-a2ba4cabaf85,58, ,
46cf50d9-2814-41c0-aa17-cd9a909bc2f1,58, ,
8ef9c6c3-57af-4bd2-99fe-17dc3bf22e30,58, ,
63168a4f-d80a-4c29-9572-803b4b8060e2,58, ,
dd953aa4-8dbd-4515-bedd-210c4a3093bb,58, ,
05726afb-89a2-4798-9120-9978a9917cb4,58, ,
c522a0a5-2f19-43ad-aa2b-42bcd0d73a0c,58, ,
b76dc0e2-f56e-43b1-81e4-9184dbe4d564,58, ,
4f392429-7819-4b47-a573-87d46997b7e7,58, ,
5acfa4d8-d98a-4698-9714-ba6c408361e1,58, ,
f98c1592-66ae-4d11-96c7-f013f0c9430f,58, ,
7c937575-297f-42c1-b9c4-f6eb832ec992,58, ,
e0176642-3e73-4110-8393-21c91c390e0d,24, ,
1c45e46f-5f2d-4640-9e67-b52da5e8a823,24, ,
c0a6013b-2982-436d-891e-249bd7dd0bf5,24, ,
cdcc1164-11a4-4a62-8d24-2296520d6290,24, ,
8a284301-aae0-4433-bb50-84d745a61124,24, ,
69789b3c-9dc7-47cc-a0c3-2d07c06e365d,24, ,
e5e077ab-1a9d-4a75-8929-238bec30f109,24, ,
518be027-79c2-4a78-97d9-c5d18a7658f4,24, ,
f23326cf-3827-4ff0-b009-a3fdd581d230,24, ,
b16612df-c461-45d9-be8f-356058ab921f,68, ,
27f015a8-cf81-411f-97e1-22aca7f6c455,68, ,
c6d16780-59e0-4f04-9aa5-b85c8e7fc996,68, ,
15e32236-9069-4531-9011-ceca4abcfd80,68, ,
acee9e49-71ef-4665-ba41-247a5791ab9d,68, ,
626eda53-4153-4ded-9c79-dc7018905304,68, ,
30f6a030-863b-4831-8f2f-e85284ae9b10,68, ,
962c67f4-98a8-4422-baa6-b4bb79719586,68, ,
62ca37f3-f022-4ebf-9784-6644959fb362,68, ,
1286aae8-89fc-41f6-b689-33c3d6b45795,68, ,
f7dc68bd-4f8b-43ba-b30b-1364c8c33ae9,68, ,
5363b288-36a5-4ef4-9ddc-d853aa7af480,68, ,
09e6004d-3f7b-4077-9238-3910fa9df59a,34, ,
03f18f9b-6750-43d6-ac47-9a25ad736abd,34, ,
df18d802-2fa7-4e3e-9c63-e3f011afdf89,34, ,
88606346-cffc-450c-a654-3a9904a4ef68,34, ,
cb0a594f-2268-4e01-8f8a-1a20d5a6b6eb,34, ,
8240418e-4205-42fb-b8ed-8d1145a54125,34, ,
2a74a11c-1f1f-47c0-bd6c-5c8b8b529afc,34, ,
4278cda0-524c-4966-84e2-07cff326fa77,34, ,
e47ec24c-c2aa-49c1-b96f-9eada301b4a1,34, ,
19503609-922c-4c28-8718-24e905d089e2,34, ,
1743635a-215c-437e-ad8b-b98ee39a3e8e,34, ,
2318eed2-d4ba-4b91-99a2-d2b0f526e5d8,34, ,
f08819e5-e1e0-44d3-b9d9-7456405ceefc,34, ,
93e88917-bce7-4053-9a1f-a5c5487e5c95,34, ,
4316125d-603b-4ef0-a7c6-9d4b98ea38c0,34, ,
8a6ddf4d-4e0f-475b-81c4-169f8a9d7e10,34, ,
16d8a427-fb5d-4df5-80db-8c2c9c575808,34, ,
e36e195f-e2ce-4424-a38b-614680f33cbe,34, ,
413c78ec-6305-47d4-b8ca-761a9c4312da,34, ,
0ff3c327-4d26-4d3c-bb48-456f3b06940e,34, ,
fb930e36-6656-4df7-97c1-681eb8d89785,53, ,
14f83ba9-58a7-4f03-9b71-23919c57eb87,53, ,
6f9bb592-6168-49d9-a777-32985bd4b937,53, ,
b5b06900-f717-4b2e-a87f-1caa2d81ded1,53, ,
d70ba67a-98e4-4c72-81ee-ffea861a85bd,53, ,
378a6929-be08-47a0-ac80-f3e856e6286e,53, ,
de76197e-64ea-44e0-a9e2-9d4f285c923c,53, ,
e8e3f4aa-ab24-45c2-80f2-0a7f44e786fd,53, ,
1113cc8c-1596-4eab-954c-e34008caa41a,53, ,
3f5fd44b-2fc5-423c-8df6-2098ede45390,53, ,
776b6bbe-cdb4-4192-bd93-6330809143d5,45, ,
b4be80d6-e995-4a2c-8dcd-82c92b385cbc,45, ,
fe1d1f98-ddc1-4e50-8220-8563dbc58579,45, ,
f62b78b2-21ea-41bc-ae9c-17936ffe26c0,45, ,
f3d0771d-6b1c-4bc3-ab71-2b9c69718e73,45, ,
5a094e8d-b2e8-4f8b-86be-658f2f1c6c4b,45, ,
e2980dc9-a79f-48a7-b15d-c37f1ff481af,45, ,
ee65f791-716c-42c6-9491-1631675040f1,45, ,
370055cf-6709-4609-85d9-5c61dc8f8755,45, ,
dc79a5fd-34a6-445f-b3d7-edcc156a0f4c,45, ,
f606ae23-0abc-403d-aa01-c854fd562c69,45, ,
30508b16-fac3-4cb5-be91-da56c0dc872b,45, ,
80abe4f8-3819-4a70-978c-0441819c6f10,63, ,
a676c9ae-e97d-4790-a620-01dc52988d50,63, ,
59e4e72d-e06e-46ad-9199-7649901c8313,63, ,
1475dc0f-8701-4d95-9e8a-4a759e311eb2,63, ,
75f93e05-b3e3-4f2b-a295-0b65dd973f98,63, ,
4837f33d-ac61-4a18-9d2f-11805410ffa0,63, ,
1f7b5b4a-c9d7-4273-a4be-4e8d9b0459f2,63, ,
7be61557-de55-41c2-87f6-eaf10a7d47cf,63, ,
bb4dfe24-c7e6-46bc-b1d9-b04a651acf67,63, ,
e804045a-a614-4b91-b3c7-3511ddd26f80,63, ,
38872674-7e5c-408e-add5-a101e7e2ec7b,63, ,
d052fc41-9a72-4cee-b5b7-be886d76cc89,63, ,
cf16fb1b-9a51-45a7-8955-a1a7aec9fff9,63, ,
ffcca8d7-c395-43d1-a111-fe77ef7c3079,63, ,
2070455b-0a40-4d97-907d-794f37da0649,63, ,
ea1f41c0-d7d0-4dcd-9183-1baf2f674c91,63, ,
a3096667-b9b3-475d-acdd-4fa5cb0f14aa,63, ,
e4561dc1-4180-4f0e-a0c1-f757309d7f0a,63, ,
9a3e498c-0a44-4272-91ac-a98a602fe9f0,63, ,
9b98da4d-b118-4757-9134-6192b15f446b,63, ,
9bf6bdd1-9c41-4b9c-9874-de97f4131d8f,63, ,
3def696e-acbb-4d4a-bb70-c13bbf52b4b3,63, ,
b9105a06-3be8-42eb-b74e-14d74f61ad78,55, ,
034964bb-2f5e-4879-ba7e-f485a5d277f2,55, ,
91e37fde-41c6-4e9c-bb64-3a7ca2727d9e,55, ,
5800e861-48c4-44bc-97e5-099442db10f5,55, ,
76ee7112-8518-45be-9ef9-658f7b230a83,55, ,
a0313644-a013-4522-81aa-a36aa61cf0f0,55, ,
31e7846a-efa0-423b-ba77-1ceb93034344,55, ,
7a601c9a-ad7d-40f7-8edf-02d90dd02c85,55, ,
8d307bd7-46af-4897-ac79-5f7eb8f9f47f,55, ,
0a635fc4-68ef-411b-a628-4d91041821c5,55, ,
540159c5-fe7b-473e-97cd-9e2df7abdb2e,55, ,
f9c48bf4-a153-41b8-a9db-9772bf171ff6,55, ,
c89eff3b-eb6c-41ff-9bf6-4bf08a7ebe05,55, ,
60d4bb75-1834-4945-bb1a-7ba37a49099a,55, ,
a6394600-d435-4936-ac20-7be5f4b60620,55, ,
d673cb01-2398-4f90-a6d4-93359d988728,21, ,
57b6ecc2-0046-4c94-aa5b-dd1a929c4fd0,21, ,
e014f5b9-dd74-4462-a93c-f3f4f61b5737,21, ,
d94859a5-685c-4e7d-90de-87bf6b40937d,21, ,
90c9d64b-da40-490d-8b72-89cb2e51ec69,21, ,
d0c14ed4-ffd2-4479-97c0-442c040e0606,21, ,
42e1fa98-6729-4359-b7c1-f615017a83fd,21, ,
c32f65c4-c290-4bd8-864a-211e83ecda66,21, ,
6ae08318-4179-461b-859d-a4566c74f6cb,21, ,
3367033b-9096-434f-8468-be260873212d,21, ,
a4b04f58-a3a2-4cc6-9233-1481acca2664,40, ,
bda527a5-50f6-42d5-b9d8-27db8957d683,40, ,
e84595b2-e1e1-43d8-865f-a388e1b53f6c,40, ,
c0f19ed4-6b55-4a0b-bea4-e21e74fabdfe,40, ,
4bb303c3-1dca-46b2-a6ac-bfcf00a09fc2,40, ,
51e82791-6279-48ab-baa9-b4555e8cafaf,40, ,
08bf8203-17f0-4bb6-9d27-d42d7996a0b4,40, ,
87c14e0f-48ac-4483-a27c-9cd184b3696f,40, ,
a7789e82-db04-4aeb-b292-dc52191f5b22,40, ,
1e0802f4-6786-4bda-b0dc-70f4311067cc,40, ,
795ae26d-f107-423c-8f8b-095c397efb9b,40, ,
b425e7df-15a8-4b85-b7b1-505b658efb9c,40, ,
f931bf85-187d-4572-aff2-afd10598d06b,40, ,
022fe2e6-0eb0-4e49-af12-a231a002bc4d,40, ,
978fd949-54a3-4d66-a545-b5cd8fa76658,40, ,
6f70e81b-4bc6-4c6c-b5db-6b916cd9082c,40, ,
2c2795ad-7b17-4c23-84f3-58705aff6638,40, ,
a91a4642-4086-4837-8102-45e17e351117,40, ,
f68e6ec1-b9d8-4060-906a-125bf96b0f39,40, ,
99849fad-942c-4ceb-8cec-03b61a61ae61,40, ,
7cb8762b-4451-4811-9006-e9c2ebfa6187,40, ,
c97145ad-60c6-43af-ae16-75dfd10d1afe,40, ,
61718299-8231-4dac-ae34-99377a639fb7,40, ,
b71ee704-8576-4d54-aa7e-69dc21b1c7e9,40, ,
6a5bc839-3c29-4f59-bc56-f34bbb6aa67c,40, ,
7b9e25b1-f201-4b09-88f4-2dadbc30e04e,40, ,
81f628f0-3a0e-4d43-8f6d-1166fc19588c,32, ,
4132d1e3-4d13-4471-a91f-714610d75e11,32, ,
40937461-7a6a-4822-bd3d-023904ae2d81,32, ,
2a93e3c6-afe3-486c-b1bd-89a5a87b4030,32, ,
358d4901-38d4-4bde-8f0f-de693df49e52,32, ,
dfd21319-df7e-481e-bb01-8f67c0d426cb,32, ,
ed65d83e-2370-4f5b-8cb0-85ed23959a4a,32, ,
8c374f55-9ef6-487b-b22a-922f75ac9064,32, ,
cb9c1ef6-8e26-4934-b2da-defc302d5dfd,32, ,
6ccde115-f78a-4550-a4f4-c0ffce8cc31a,32, ,
a803bd1b-46aa-416a-ab10-61d01fd01561,32, ,
d5dc22b1-e4b5-4aff-b50a-c819ff3621d5,32, ,
4e863323-4610-428f-8a52-1192d962a5f1,32, ,
0eac62f0-2d3d-40a0-831f-9efa62c2826c,50, ,
aee2199a-6596-4311-b577-7a75f34ef07b,50, ,
7b3646b3-2164-47c8-91aa-69fc619ef7a7,50, ,
731066a2-0753-481a-b917-6660d7c85b9b,50, ,
851da0a4-8c0e-4d6b-8f58-cbbf399b7176,50, ,
eed0ad50-a1d3-4c8e-a66f-ca24fa716341,50, ,
fbf4c738-f32d-4689-910c-2325ed0ad002,50, ,
fc9e156d-5199-47ca-991b-36da87e10a05,50, ,
ff588860-5855-4422-aa6b-2b8c8b917f77,50, ,
e9f648b2-02ae-40c4-b6d3-cd23ea0e5853,50, ,
5950f88e-82e1-45c2-90c1-885786c0d30e,50, ,
4f260930-9d44-45ff-b7cd-edb0137bedcf,50, ,
27f1f616-e290-49c4-99d2-0ed761ce9f80,50, ,
0ccc77fd-3404-4696-8657-50cabd8014c5,50, ,
a8190ca8-9a4a-4dc0-8be7-5fe6f3ce8354,50, ,
8e06a386-696b-41b3-8a91-8a6b2615706b,50, ,
2a8e9d73-97e7-4563-856d-164ac411751e,50, ,
23803c22-e7aa-4486-b66d-b1b10abaace5,50, ,
886586e2-be8a-4649-bf2e-9fdd264cff8f,69, ,
713b2550-4fc3-41e8-9d9c-067b89910df7,69, ,
d6a838d3-a12f-42bd-bdb8-a4aed016a542,69, ,
cc97b588-e671-4408-86aa-4c61a8254b2b,69, ,
22ea030a-d3cc-40cf-b6c8-0825cfe23ca8,69, ,
bbeb174b-7b26-4612-961e-59c385a8b046,69, ,
75bd9cf4-d3fd-4441-ab2a-db2896e4d20d,69, ,
0d82cd9a-14dc-4bd3-8d46-1c89f333d53c,69, ,
cc4b8a73-4d39-43de-a36c-299bcd3d6f3a,69, ,
88fdbb6b-254c-4e16-be75-7629b96a0a7d,69, ,
3a8017f4-12b4-4d38-936b-e4a445ca325c,69, ,
4a4d05db-7cee-420e-a9a5-e19cfa8e12c7,69, ,
232e903a-0cb7-451f-a420-0152ce33375f,69, ,
dca88153-755c-42dc-a92e-7c926e27317c,69, ,
b87a071c-596b-41ea-9dea-a6972a707e9d,69, ,
1a637908-32ba-4e9b-9a11-3d4a35367f6f,69, ,
9d2e4d86-89c3-4e59-9981-2db9f39dccf2,60, ,
cdcc45e4-dcdd-42c1-87c9-d8e18e956ddd,60, ,
f5181884-8243-4dac-84eb-123f2191a8c9,60, ,
d48f8fcc-758b-477a-9ebf-63b443a89071,60, ,
0f79047f-b8f7-44a8-b2e6-6c50ab581189,60, ,
2e3e3c4f-b33a-4ec9-b8ac-00a96984c6a8,60, ,
37f16282-1911-49aa-bec1-4c235896a091,60, ,
1ae7bf71-e792-49df-9b58-f5618c70bcf5,60, ,
0cc66d01-bce2-4ad6-9f2d-147f9142e4e6,60, ,
0871cbbb-f29b-4361-9692-3cccec5a819a,60, ,
658c5ac8-645b-41a7-bb56-4bbc04c76181,60, ,
a47ce356-ad31-4c81-b5d2-27eb9b1f698c,60, ,
088dedd1-66e4-4f61-a1b0-ecc377fb5228,60, ,
5d59a441-c328-418b-b3f7-d153f600da27,60, ,
6a27270d-f687-4381-ba50-88e494bcde71,60, ,
838443f3-be83-4a8c-a14a-dfce3574ad41,60, ,
62611bd6-e0e3-467a-a7a1-89f8410b47d2,60, ,
2c8602ad-1eaa-409f-91f8-7681e6ae6757,60, ,
d0795926-2168-476d-b0b0-6d17e948bdd0,27, ,
e9620b94-47e1-4493-83e7-bf9b07fbdd59,27, ,
3232b3fc-fcb9-4ded-a126-5583b9e8a3f4,27, ,
7bea9e5e-399c-4541-9f23-010d24ef2e84,27, ,
68bde694-810f-498b-8f90-1e3aed6af8ba,27, ,
788c19f8-2cd8-48f2-8715-182148bf38cc,27, ,
28c26ec6-3a7b-4d88-aff8-56a044bd5ae3,27, ,
6e5b6023-3b2e-4290-8a94-83476dc86089,27, ,
901f2b09-8fb4-4ff0-ad13-10a445f0528a,27, ,
e168d8cd-81b9-42d9-a341-35edcbda8692,27, ,
e74bed77-e07e-42a3-b0d5-dd2cd1afe5f3,27, ,
123241e5-da52-4057-98fe-35ae565f7a16,27, ,
72e2c616-86f8-4b41-a6e3-1c98b6e7bba6,27, ,
274af552-2419-4a43-a82b-df1c9632ca06,27, ,
d66ea03c-4380-42cb-9dc4-8a6cc6cc12bb,27, ,
4cd5858f-ba34-4286-bb0b-93fc23531b87,27, ,
41d88a64-2b34-4f4d-886a-11ba511c8eeb,27, ,
c130ae01-59ed-4165-acc2-1b7bf4a2439d,27, ,
100f1448-184e-4302-bd16-a5a62c1c4ddc,18, ,
1f620cf0-1ea7-4040-9be2-65a16d58c1bc,18, ,
13bfdee0-6cfa-4b61-804b-2f295b657cf4,18, ,
8513eb93-1207-4cb8-9822-ba01e866e5d1,18, ,
09a29010-3751-486b-a4bf-f98e2b03a957,18, ,
2d67d23d-538d-4753-a3e8-26fe1afba329,18, ,
ef0c88aa-fa10-4be5-856c-8ae68806c43d,18, ,
2ffc6821-f6b7-4a52-92be-c56a8cf059c8,18, ,
1de30e72-b1cd-4eda-95dc-e19695dbd73e,18, ,
a59cf7f8-1a08-4935-a2a6-07e9d49cbaf0,18, ,
24111f90-2724-4adb-9ac7-876b2747d18f,18, ,
2d5ac539-68df-461b-938f-fcc18adeff98,18, ,
9fe931bc-7468-4623-a1f3-5f1e7d5129a0,18, ,
d2273d39-c0ad-4390-aab8-2591cee496ba,18, ,
4f23abcc-0bc6-4e2c-b71d-e1f849ddeede,18, ,
c62912f9-1389-4bfb-8727-4bac95c3f503,18, ,
6e264bf1-f1f5-4a5d-bd98-be5f664b29e7,18, ,
085a45c6-2d09-44ed-b5ea-8c343b1acaa8,37, ,
094b0f66-46c1-456c-aef6-64f8d2975bb8,37, ,
16b7449c-d042-48fb-9433-06ea64b17655,37, ,
8811627a-c43c-4904-90ec-92aaf8841bda,37, ,
5cf5d43e-07f6-415b-af1c-c6b8d93612d6,37, ,
39f69d6e-5084-4b1d-8d57-6e670c712ea8,37, ,
e125d9e8-2121-468f-b471-74d280e1ef1c,37, ,
dee567b7-3dfa-4bc0-98c7-b85b76bbdfd0,37, ,
40f94bd2-a91f-412f-9faf-55806c06c8f1,37, ,
bf79cd66-9581-4faf-b765-4307aa6f79f5,37, ,
68505b87-25ea-4db4-be25-22b9c9da19f7,37, ,
7bff1fb1-33c4-41a4-b135-0a8aca948d8f,37, ,
73c6aad4-6726-4930-bbe8-7e6a0b395a64,37, ,
c6eaa913-e08b-45a4-a9ae-b87d1917179c,37, ,
8cff98c2-1c01-423a-b7bb-5c916705de21,37, ,
ed612abe-0359-4b2b-a5ae-69d840ab702c,37, ,
cc28c451-8651-4575-b57c-c581053c087b,37, ,
136e613c-ae40-4ffa-8e15-846777b33e8f,37, ,
4ada5c98-7a8a-4064-8dbf-a26f17140dfe,56, ,
b58c1fc1-7638-4137-bae5-144ed7051a9a,56, ,
a3c27fbd-2dbb-40f7-be88-4501ab60e77c,56, ,
20924db4-2a4d-4b0f-9e37-ec8373e656f4,56, ,
359a047c-5aab-4851-bb18-f93dd89ef367,56, ,
8799eed8-eeb3-4ae5-866d-841c19870484,56, ,
7a0ab082-8a8c-40d2-9469-fccdc1992ec1,56, ,
8c222f2a-7bc6-45bb-a7e3-500143c860a7,56, ,
3fda1c11-98a4-45eb-8f54-b5eebd9cd779,56, ,
66cd90f6-8e3e-4019-9486-e3d31bc90fc9,56, ,
c51910de-f100-4643-a759-5f7b1bd8f4c9,56, ,
a418374d-c1e4-4ba7-bbe1-bea293e25b27,56, ,
e2539127-2afd-4a81-b5d7-e92aab003c6d,56, ,
d21cf353-0b67-4642-bee6-10c21a7bda5e,56, ,
c84af830-f475-4cdd-94c0-e7dcf4cdd8b8,56, ,
d44d0dc0-0469-4fde-9163-2fdfc133ce6b,56, ,
36984559-895e-4f88-ba69-25e4d5d46a81,56, ,
731a95ef-ac70-4328-ac00-6423bd6f5a8d,56, ,
6ccf56ca-1667-48da-8d41-312608a36db1,56, ,
0f5fa1ef-7a0d-40da-8eb6-7f0fe30f4a12,56, ,
e8490ea5-7340-4893-8744-34297610132e,56, ,
cdb91c60-28ed-4a33-9783-23df68e082f7,47, ,
6866d2dd-1bf8-4d40-b672-ed22982c1e0c,47, ,
cce9d50d-f25c-4ea4-9610-dd0fef0ac6ae,47, ,
9024c26d-166a-4891-b2be-e5a6d9d2aaa3,47, ,
5680df4d-bc93-48c8-8835-607402a7d4a1,47, ,
867d5a40-9745-4a52-8283-9d0d64c586dc,47, ,
508f9fe1-fdc0-4106-9155-ddf4ca5cadcb,47, ,
70c03407-3369-487b-b638-21b04cee9876,47, ,
bb3c4900-54e5-4332-951a-1b141f26861d,47, ,
4dcf11f3-61bf-4b34-ae54-e1491a71d388,47, ,
7b90e3e0-b871-4f18-8a3f-19921d1ee396,47, ,
c39a71ee-ddc5-42da-846d-25e9ee72a868,47, ,
b9fafb44-ddbc-454c-9e10-fcf774c44d77,47, ,
2bbd3c40-18c6-420e-a7da-5379f3a1fb5b,47, ,
83dbb55c-c297-4fd9-8639-4294225d9a3a,47, ,
3c764d06-c0bb-4afc-a1d0-3b892d077358,47, ,
c31dbefd-67bc-4208-939a-9ab2b1e6b9d2,47, ,
8efe2e61-88f6-4641-87ac-aa5c4005d742,47, ,
f0d7c1f3-e35f-463a-82aa-56868f82f66b,66, ,
09edf807-1db7-4b19-9988-7676b621d9c3,66, ,
45f55ff6-0e50-4a95-8910-1d3e30ef1557,66, ,
9f41ac89-4b5b-4d24-8fd8-efff135b8b55,66, ,
1761e4bc-6249-4077-a34c-632e1ab13067,66, ,
a1bf19b7-3e15-4842-b200-140f75eb4bbb,66, ,
165143f4-e12d-4294-9fef-9a3650d4f315,66, ,
76ce9299-f6ed-4170-b045-28070eb01830,66, ,
013130e4-a593-4ce0-87df-30a702d4995d,66, ,
f7bd8dc7-68ee-4ff5-a75a-ac4b2c33097c,66, ,
ac5194c6-1cb1-4ca5-897b-4531243aaade,66, ,
784b6cfc-08ec-45c6-8abb-00b3a0654570,66, ,
3b92ac9e-9ac7-47db-933e-162309044a96,66, ,
9eadde34-081e-47ad-bc75-abae88a538ba,66, ,
3ded3c82-78f8-4318-a2a2-34a87501f61a,66, ,
763b7f10-ebbc-4b9c-b443-f7ed58b35ac6,66, ,
13b1540a-e1b9-4726-afe0-eed6c6863d76,33, ,
17c54c9b-ecba-47c9-928f-3240891917ed,33, ,
9e83f64b-bad3-42be-86a0-3dcf5e6118a1,33, ,
0fe9a78d-476a-499a-bdc2-3582aab4cf83,33, ,
f55d3d10-3498-4997-b390-6caf5b16f3b2,33, ,
a36d849a-5fa8-437e-a403-5ea53286ee25,33, ,
4273c77b-fe55-4474-b1bc-3f91e96ab6fc,33, ,
556af7d7-b4f9-45b7-8268-c98c661a983c,33, ,
5520c675-c8ee-43a8-8fca-2008a89bbacd,33, ,
9cab878a-114a-4935-ac58-632b197b4d45,33, ,
f13c90fa-68f7-4e9a-ade4-e291c24006f4,33, ,
1b541988-5b6e-40e1-b736-b2d5d2a988fc,33, ,
ce598e40-ccab-4739-a192-213ed72e30a4,33, ,
1920fbe0-87c5-4ca3-bb6f-8d42275b6faf,33, ,
063326d4-810a-4773-a4a5-22eff50bce76,33, ,
04d6f0f2-b10f-4424-aaa8-8ac69428b36f,33, ,
58e1fa45-b02d-47db-a689-8de5708ef6be,33, ,
2d2ce44b-bb11-4b05-af5d-ff8b1ab2c485,33, ,
8c0675e8-c606-44ca-958d-ba4203bce8af,33, ,
d48a3688-9c3b-4614-815f-6c12a18349f2,33, ,
72687d15-0e1e-49e3-873d-d6ddc0d6efa8,33, ,
a2adefbf-c6b5-4c9b-b0cc-cea5a2bdd912,24, ,
d02ab8b9-1a49-4978-882e-dbd193e3389e,24, ,
6a8edbd1-a2b1-4b11-a9b3-8a9f41a4dc2f,24, ,
c05092f3-ad02-43ab-90d6-72423f0566aa,24, ,
80fc73a7-c792-41a3-862b-bed1d467e80b,24, ,
74e2da22-84f9-46d5-8e06-c478e66e65d1,24, ,
0ab307d0-3755-4011-8573-9e884e635c9e,24, ,
47db8870-4be4-4b00-8806-3046de8b7c0d,24, ,
c2606705-aeb8-45cf-8eb7-3ea85d2914d1,24, ,
dc4b847d-05f1-4cf8-8d18-95729a7cee52,24, ,
45f0058c-8f21-448d-a00c-265f2346512e,24, ,
066d58ae-9c0f-4848-b335-21eba290bfa7,24, ,
8f8f6a37-86dc-473e-b4c9-75351073b0d8,24, ,
591350ca-a2f9-43f6-ab5d-cc09597d7090,24, ,
db6a5ef6-fb39-4ac5-a683-f67a1ba567fe,24, ,
e45e539f-e919-415a-a930-571fc128bc3a,24, ,
cb7d62a7-ba95-4bff-ae6a-c1087c9980fa,43, ,
f0bb1184-10b1-4a13-a19a-6e1f01a9d8f3,43, ,
29469972-1626-4b67-b4a5-41a47d7da68e,43, ,
48835c1d-417e-431f-ae74-13e5a9f73180,43, ,
50bb4404-6866-43c3-a534-238f4af1a395,43, ,
4098da0d-53d7-427e-98b7-a4ee81e76472,43, ,
aab592d5-3a6c-443c-85c3-6f28c20536e7,43, ,
e7f7785b-1904-447b-8977-f764b0c0cda8,43, ,
f789a7ba-73b4-441d-8036-396b994bbc9d,43, ,
70e12c1b-5274-409c-bd49-fec0503a6542,43, ,
4d01d054-45f6-461e-94b0-4e67d4f09aff,43, ,
30b9bd9b-badc-4695-9450-8f76423672ee,43, ,
7e7291dc-eefb-42cf-bef2-ab5f80edb462,43, ,
370ac921-25bc-4606-8fb3-3bd2a50bffb5,34, ,
983845dd-6438-4469-8d53-3fb1867d0822,34, ,
8ef23fd1-3ed6-4b70-b0ab-99368b82b038,34, ,
6614dfcb-4194-47b7-9a0f-ee2d19e89e94,34, ,
bf596bf4-036f-4fbb-9f9a-0d82e00a9364,34, ,
a63b91eb-d810-4385-bd09-144dbe84667e,34, ,
dd7cd9da-8490-407e-83e0-53c29e7f2806,34, ,
02e6b5c5-3ede-4817-b463-e439c97aa1b8,34, ,
968d4292-f98c-4f4f-a941-77a62cf1a28d,34, ,
a657ce28-8455-44f4-bdc0-a838250fe166,34, ,
b0db923a-b820-46b8-92b5-b5c83dfb42fe,34, ,
c78c4317-8884-4584-873d-e867d18c3675,34, ,
444da869-ccef-4992-86e0-8bb8ed90f953,34, ,
f6e9782c-0caf-4e00-a9ed-559abde5e2eb,34, ,
3e813b45-b3b5-4c6b-92c6-59c355464d91,53, ,
597c5f5f-8179-484e-93a0-0f5617f87e64,53, ,
eba718b9-8a55-450c-ba12-fc43cfd01f1e,53, ,
80d9ef9a-af76-435b-9ed8-e17ad4f135e4,53, ,
58c634d7-451d-42df-8a50-ee0dc792bf1a,53, ,
070acb46-57c9-48de-85f6-5950294b2535,53, ,
0d889fa8-3649-4730-a0fd-c252ccd07e4a,53, ,
420b3b3f-39ca-4e8f-bdd6-2cd6e493c554,53, ,
365ac977-ae9b-45f2-bce4-e47aa29663de,53, ,
8b3023dc-5e40-447e-918a-c46dde943370,53, ,
7f34af04-6166-41d9-8acc-ed797c167d3e,53, ,
8faf54c5-22dd-4014-8476-7d10f73e9fd3,53, ,
12d39bba-3145-4aed-be99-9705d17b2187,53, ,
b44f7073-8831-4c5e-8879-d22cab2f6fb6,53, ,
6bebf681-9bf7-4c91-87c4-89641c99db84,53, ,
4239ef1e-6c84-4250-a926-a18f3577f628,53, ,
58a6659b-2ba0-4469-bc85-97a26582985f,53, ,
962a2b46-ec11-4a5c-8f56-215f21837d72,53, ,
b8c32c54-120a-47eb-bae6-26760f9a5b07,53, ,
d2196922-89aa-40b5-a14d-94fc077d5c4e,53, ,
942f06df-33f8-47fb-9168-15840a5c0be7,20, ,
421ed9b2-e691-4724-9a00-353b901f8be8,20, ,
8cdbbc41-b04d-4d37-90cc-5dd17e04d91b,20, ,
6eadd3e6-0157-455d-8fd6-68a333256185,20, ,
4417a90a-785e-421f-a0f4-9486c7b921d6,20, ,
349952be-23ff-4e14-bc6e-3db90b1ed13b,20, ,
9e48eec9-5527-4667-8507-b8c55b90aef7,20, ,
03fa51ba-2012-42e3-aff1-b7c1816dcaee,20, ,
69301020-5c00-47a5-8209-ee161ba7b2f4,20, ,
dd093800-5cd5-4d66-8be3-8d19ab49eee1,20, ,
17a5d925-0fbc-4f87-93b5-c5feaf6a87fa,20, ,
8fe2d9ca-b010-48fc-96d0-ab6c7ea6c8dc,20, ,
38f651e8-96c8-490e-ad99-236ff0b14eb6,20, ,
232de03f-ba25-4d18-8ba8-73a18d48bcff,20, ,
61b06f35-b2dd-4cde-a27c-b4ff7d5fcd16,20, ,
18e882fb-a558-4033-9457-fd92d44625ee,20, ,
ad00b9a0-5db7-4a18-a5e3-fffd755c2a1f,20, ,
57d9e356-49f5-4f3d-b128-cca057870681,20, ,
6eb1a78c-246e-448b-9987-b7ffde6ecba7,20, ,
d6cdde65-11be-4bde-95f0-04f7e4b0d6f2,20, ,
8912702d-55d7-4681-bd1e-1db365add639,20, ,
7faae20b-2ccc-445d-8361-b32c4d53362d,20, ,
1b655ebf-580d-4b72-8ad8-99e866064b95,63, ,
20f7e37f-d8be-458c-9ea6-6a50e1bfc027,63, ,
a015935a-2b8a-47bd-b04f-0e7a331c5dba,63, ,
1e26c794-4dc8-4e87-a16a-4c25410b8774,63, ,
500bac29-c269-45f4-96f8-09bfd3ebda76,63, ,
7e82b9d1-e054-472a-b5ad-2a336c6a799d,63, ,
56889d66-dcfc-49d7-a3af-10bf08e9d707,63, ,
55b56a79-3264-4448-b347-f9cd308c3219,63, ,
5dee4937-4c4b-45dd-8ae7-25101f75a2a1,63, ,
33a2f022-6d5d-4a59-9273-71af33223367,63, ,
e0f16519-955d-4bbe-8b45-cedfbe4c7fdb,63, ,
865cc0fc-ee3b-412b-bde7-d805cecaf24d,63, ,
ef9ce73a-54ca-4d7d-ba5e-4ad0064a062b,63, ,
2ab4f826-6b8f-49dc-98a6-a052b0c06991,63, ,
e4264b57-02bf-4387-9048-fcc9686d8448,63, ,
841a8a25-9a0f-409a-8444-9503da1a6465,63, ,
dfd3b1f7-4363-43ae-91b7-cbfa615611a5,63, ,
febaa089-3b8b-486f-99b8-e5f3558f9e57,63, ,
5da8d944-64c8-4f13-b5c7-fd59ec8e3fec,30, ,
b76551ca-af0a-457b-8f71-27b1b0277f63,30, ,
a3d3eb9d-7103-41c2-981a-d3d8319bfe90,30, ,
89a2a7a5-6b6b-4c63-a2a3-8975eb62b552,30, ,
39acffb9-cf3d-4039-be35-46b35d288d49,30, ,
73ac90c7-01c0-4575-8dee-984a3f8751ab,30, ,
6f62ee8a-8445-413e-a7cf-f99f544444e9,30, ,
22b194f6-b7f1-4c29-a97c-6b5fe077c56a,30, ,
3d95fde8-15b2-4e0c-a3c5-1c766e63e307,30, ,
6e43a472-ecbf-48c0-bd75-e10e6115f122,30, ,
a311b999-6b4f-4812-bcbf-c0dc5a264b32,30, ,
d3faf577-d37f-4a26-8c51-e187cfedbe3a,30, ,
c2edb1c2-b4f5-4eb9-898a-79094e61668a,30, ,
c1d744f8-6a35-485d-a494-ef2e51d7266c,30, ,
f2b17dd0-e71c-479b-9e55-b2cc92bcc6a0,30, ,
2ad49683-d9a1-40a4-9f35-58254b901da5,30, ,
cb32f2f8-ac7e-493c-b504-d91a6a2e5794,30, ,
b9409b82-9a3f-474d-b38c-00ab5787e2cd,30, ,
54c9fb7d-dcd3-4d50-b516-21baef0aa78f,30, ,
c1f62bc9-5993-42d2-bcd1-5f2f6ead9065,30, ,
c8ecd9a5-e765-4d1e-b1e2-c137c14c9f9a,30, ,
cb810d6a-3770-4037-8e4c-bdd9fe49359a,48, ,
0a3be944-1cbf-41a8-89c6-9371cd80e8ba,48, ,
aba44ea2-aa29-47ed-9a53-1264b5c2ccf5,48, ,
de15ea36-c20e-492d-a7db-eacdc4c4ca75,48, ,
d257b91d-285e-4408-8561-497e24ca8cd3,48, ,
d3db7e76-7d34-473c-a8b5-84773d51e64e,48, ,
68bf9a39-aa3a-4796-a329-38df895465ca,48, ,
3f0b194b-3b6f-4406-909e-4e67eba5489d,48, ,
8fd2ccfb-97f9-4fb5-bbea-cb3eb70f7369,48, ,
17706258-2731-4351-978c-dd5ff134bf29,48, ,
07c1e61f-bb72-41fc-b430-59b92f248eb7,48, ,
f56b37c8-7195-422d-b5c6-a6336b28b849,48, ,
98a4e02e-4ea9-4b66-bd6d-8db19707a92a,48, ,
7476e00d-fd4d-4298-8316-b72a82bcfbf8,48, ,
8a991c13-2354-46a8-a3be-1f5bead288f5,48, ,
23e3adb1-d9e0-4e94-9b04-5e2e26eb15b2,48, ,
3b4026de-745e-4fbf-a1c6-52a49596ab9d,48, ,
9b4bd5bd-0582-48e8-974e-3f038e7ad642,48, ,
f30c897c-f8e5-4e23-8a60-a79ae69e0208,40, ,
e5101770-76d5-40fa-9090-92ad6c94d626,40, ,
a7bdbd28-79db-4a8f-a3b4-821353acd9ba,40, ,
b9ccee01-e2fe-469f-b98b-4815db05bb23,40, ,
26a28793-4657-4891-bfec-1596263142d9,40, ,
a82ec5d3-9026-42a8-88a1-8a3360e079f9,40, ,
a16e408e-daec-41ab-a190-9c1fd8af2fb2,40, ,
184e177f-6c74-43c8-806d-0f16f29b92cc,40, ,
a3f8b232-90f7-4dcf-91be-d8535a3127ea,40, ,
2c014219-b7de-4dfa-bb11-5947f1a80719,40, ,
f4fd2431-ad65-4b02-8d29-a0b47b0847d4,40, ,
0438ba04-4840-43a0-b3be-df6643bb6596,40, ,
87d84834-a459-4f4d-905c-92ef77b2cf03,40, ,
800bb781-42df-48e9-a9b2-1a39a44a416e,40, ,
1b18dcc9-7003-49af-b9f1-6b2500b0108d,40, ,
c0f21e5a-141f-4299-88b1-7defc24eb1a1,40, ,
ffc6f906-7e81-4ea9-9eb1-71552bf1a144,40, ,
52a94a62-7454-4e84-af00-7295f50dfd4c,40, ,
2dfa6f5c-a4b4-4f6b-b185-c0ad420b413a,40, ,
1bfccc3d-8a68-4831-8de9-cb29518f92bc,40, ,
708e25c4-6e23-4843-9bd2-e11442cac732,59, ,
0c985804-91af-42c9-87c5-1844e981c004,59, ,
63c4f98e-799b-4f8b-a79c-cd65a2876de6,59, ,
03480137-ab2e-4692-a3d3-8b7449080efb,59, ,
8431275e-b993-43fa-9d00-823ae7876bb6,59, ,
28dc5a31-46de-4336-a2ac-f8f9d3b39318,59, ,
871c74f2-4ccb-48ba-aa49-6c1bb3d8251d,59, ,
cb61816f-9144-46ff-95f4-f4f824649965,59, ,
65fa071d-b4fc-4971-97c8-2d5342fde91e,59, ,
d1e76b3c-bb80-4b6a-94cc-e4ac0d6ef39c,59, ,
13d3c339-92ac-4873-8965-daa52bca727c,59, ,
2571ac68-db23-4001-8864-5e25c0bc3b7e,59, ,
cd54d1f5-a8e5-49c7-ace3-b5f06da02cf9,59, ,
490f2c66-08e2-4ded-babf-d7638240a53c,59, ,
54fcf600-d0ca-4046-a215-70ea92dfb348,59, ,
da6756b6-0a08-4abf-b4e6-0de2321c9b18,59, ,
e29ce773-47f1-4d04-bbef-a277cf6122a2,59, ,
93070239-6630-4c1e-90d4-500793907ff0,50, ,
21202f6d-71cb-40a8-ae71-c1b53a1d0521,50, ,
b3705866-a368-4446-9e99-2fdde6c45a4f,50, ,
afbc35ab-2b00-4ddd-8fe4-25debbe34cf3,50, ,
296f517d-4f22-42b9-b809-c91c48e754fa,50, ,
c93bec3f-dff4-4ffc-a5be-4948fc2db77e,50, ,
ea92adf1-c0b9-4691-8df8-e04c27516bab,50, ,
aadcd626-50e6-470d-8c8a-785c1584b4ca,50, ,
962f9ec8-100e-413c-9c55-5c98059381df,50, ,
b6638f9e-4cb3-496b-b5c2-e7360613698c,50, ,
7b0fbe1f-f590-4a29-8ed5-08339a41d3ab,50, ,
d960a22e-d103-40d0-b14c-c2ae9240a16a,50, ,
e224ae6c-a0e3-43c9-963b-61b455f7671d,50, ,
90ee59e9-17ce-47a8-bce5-8c0d4a7bbafe,50, ,
ef85fc9d-4617-446c-9a36-34e9498cab5b,50, ,
faf4e3e8-9cc0-43ab-b0b5-554817d052f7,50, ,
a8e01267-e4ce-439a-ad64-19e5d01f58e3,50, ,
48279cc1-2a6d-4f86-bed7-bbc5be32f2e1,50, ,
0b872305-833f-4e86-b5f0-37173527a749,50, ,
9c7c3674-9278-443f-84e1-4cc529d42fea,50, ,
af922fc3-0c54-4e62-81da-1c2c7f478168,50, ,
c87f2ac8-b898-4c1c-a22f-acc4bf9224cf,69, ,
343d6411-efda-4a79-b03f-d287729b5ef3,69, ,
5bc2ef09-5b32-4a7b-843a-2aaed6eeaf11,69, ,
c6f4e3eb-e55b-46fc-b518-3b9351a44cb1,69, ,
aa2e9eaf-ee1c-4712-bbd8-a7ffd58589b8,69, ,
512e9a4c-4bf4-4efd-9e4d-20eada681bae,69, ,
7f517edb-0223-4289-8be2-9db514d235cd,69, ,
4427f5cb-cf14-4256-9225-bf4b25447200,69, ,
5c7c9356-36f1-4042-84f2-3b181e64c093,69, ,
f957becf-d9a5-48f1-a642-219cfadf5d49,69, ,
5e92ada9-45cf-4fe8-804e-180083fedb2d,69, ,
7f45b8d8-2292-460a-81e0-728cb6e3325c,69, ,
ac1432ad-1f53-4486-8206-9693e49ef24e,69, ,
6b4b49f9-1caf-4d1f-b90f-a50b918092db,69, ,
4bb0f0a5-a949-4e3e-90b5-fca9d4a50309,69, ,
f7968e90-3c8f-4cd3-806c-54c35942d35b,69, ,
b3331e96-d650-4ba0-87c8-24dca5ddd0f4,35, ,
39342ca6-c254-4b2d-9fbf-e93dbf5bdb1d,35, ,
2180ab9c-bcd8-4969-a05a-5c14de594cab,35, ,
94acda54-3e28-4927-9ec0-21b3f497e586,35, ,
e9ebb2d9-7eff-4685-ad38-c6f6745e46b1,35, ,
54655ca5-029c-4ad4-8130-bb06504bfde5,35, ,
f35e17b1-8c9d-4fff-ad7b-e3a88deb15d2,35, ,
fc409f2f-b13d-44c8-8440-7ff5a4f10fa3,35, ,
bd79b25d-0e8f-4dd9-9383-52f871239e87,35, ,
5704098d-7d1c-4136-9753-1dc1e73ffdfc,35, ,
5114fd53-6ee5-4257-94fe-d55c35eb38df,35, ,
9437e4a4-2ed5-4033-9903-fbb71b421f55,35, ,
a714b099-563d-465e-bc63-7e4f412371e7,35, ,
7e1ab1dc-a472-4e67-a346-2795693da2bd,35, ,
f0aa3ccf-f481-4d9e-a2a0-f92260c3a57f,35, ,
54ffc99a-a29e-4be5-ad72-f69ae030c7b1,35, ,
22f2e30e-bc89-4bd4-961a-516634f0fcc8,35, ,
d7f78dc7-64ca-4d96-9b81-09c9061a7071,35, ,
eb60f4c3-f95d-4ca0-8490-fd7b91ea848c,35, ,
4b8c3684-cf71-4096-81ac-58c8897facc6,27, ,
40e6f20a-8385-4702-9860-510629df8dee,27, ,
c33eed9b-a8f2-4230-8b38-0798afc8dbd9,27, ,
48acfaf7-454c-4622-9ed1-be78842d06ed,27, ,
1ffe789c-0b78-41d2-ace3-9dc278e2c5d9,27, ,
db0f1b80-2605-4aad-846b-c8d127678bf5,27, ,
1d8df5d9-6f9e-43b9-a0db-f0dd81468755,27, ,
c1ebf3c3-66ca-4429-a2b5-ee946549c2fd,27, ,
3fff994d-01c2-4263-940d-a59da233fc8d,27, ,
a9e85e4c-53ff-494d-b866-e2632f59ae14,27, ,
bbc31a3b-c2ed-4024-a274-7acf282e0fe7,27, ,
9b4982ce-9922-4182-8020-f8c25de9e599,27, ,
6c675359-1359-4894-8c8b-a9aef1ec519c,27, ,
db58b1fa-33ea-4153-9c85-8e849fef3df8,27, ,
82ed7d74-d87f-489e-bf73-8610bbe188f7,27, ,
a3c2ec83-f827-42a8-a09c-5aed979579bd,27, ,
c59d07d5-a2ac-45d1-b1bb-f1758281d0eb,27, ,
50d6236f-c52b-4a23-9180-0922e2f62de2,27, ,
4bab73f9-537d-4cac-83b1-ba31347f272e,27, ,
6062e4a2-eda7-485d-80fb-33d9ef2735c9,27, ,
887edeee-0cd0-4572-acd8-f82bdde950ad,45, ,
43193181-c7fa-4a1e-b44d-373a6a906fe8,45, ,
f21c0d46-0a02-4c43-9bae-505fc873f54b,45, ,
18e94039-e831-4429-b1d5-2eed842cb00c,45, ,
6f881c91-3aac-43ae-8d35-806549042876,45, ,
169cb67c-06ba-46ae-8507-c8f96eb5e2ad,45, ,
aeeb9348-a37a-4433-b75c-c7fec4cf60ec,45, ,
21dea903-e02a-4fda-be35-68a0fcf62ebe,45, ,
da8883c8-fb08-47a9-b763-0c8481935362,45, ,
61f7cb90-1769-4f48-965f-0caa6971fbcb,45, ,
3fdab024-ef19-4e5d-8dee-aca0956921bc,45, ,
503e2d11-a8d7-465b-bfd6-76e25a655010,45, ,
a9ebda35-c797-472a-8920-195b57107828,45, ,
2a551618-5fb2-441d-b5c7-4b994168d09f,45, ,
18177d0f-f874-4034-89e0-6aa46fc97cd3,45, ,
09c392a9-8da8-4a60-a6d1-118536db0a4b,45, ,
e5b91eb5-bd5e-48a2-9529-5df60292e07e,45, ,
91a0104c-47e6-43a7-a888-0e783f28aab7,64, ,
a8cffa2b-f689-46b9-b418-7c58954043e6,64, ,
934b83be-3d26-4208-820c-b37ff5bd9484,64, ,
9e337cfd-2ea7-4664-9e04-0c4f0c411eb3,64, ,
564c49a4-198f-4952-b4f8-435bbe1b4880,64, ,
e0d21f75-04fb-4a00-ba89-4454738bea9b,64, ,
dddc7059-25d9-43e4-b894-6cf29b86a8b4,64, ,
7ee24d69-6fb8-4e24-9e9b-71e1902b77a5,64, ,
e715b16a-9835-413f-805a-e741efd64cbb,64, ,
6013ce83-1bd8-4b2a-a6d7-493a65bc7328,64, ,
179f25c6-7f6f-4139-9142-f49f0bab5c57,64, ,
83d0fb68-baca-46f2-9ffe-f3b9d4f026ef,64, ,
4be46bd6-b643-4dab-aae9-9bb97e7bf538,64, ,
9b65f1e4-942a-49cc-bdae-87b88dcb7a4d,64, ,
001c25aa-b4bf-410c-a02b-8520753376a7,64, ,
a03c50ea-2bbf-4eba-b8a3-f30763950a64,64, ,
82c5d6c9-7a89-4254-b626-136f167c0463,64, ,
bc959751-f8dd-4b3d-afac-b9dd00855280,64, ,
754497ab-c2f3-4d27-83a6-b46e66ca891c,64, ,
6d420254-0d94-4d01-8eb8-9100acc7ab1a,64, ,
792aac68-3a62-4ff3-9c1f-9bd8284d86e7,64, ,
81972589-58da-40a7-8d07-b409e8f0cf21,56, ,
95b86692-74f2-4bd6-8a9e-b5cd3a17fbe2,56, ,
14f7ffa5-81ed-45dc-9ea4-0712ab846a6e,56, ,
bc867f63-b7d3-40d9-be9a-86d15f8d1271,56, ,
2f498d35-0872-4a1b-a68e-fd0a3e8f481a,56, ,
89c91b55-fdcf-4d7b-a4e6-8417c461cb3a,56, ,
dd102987-dc30-4cfc-ab94-17a2ad5734cd,56, ,
8d4458c9-1c72-4339-b843-04fe3e44249d,56, ,
83b553b1-a358-4355-be0b-fd2d7059530d,56, ,
823a842f-0676-4050-bc87-933995198039,56, ,
68fa6166-c66b-4f5d-924d-984bc4db17da,56, ,
cdc996bc-aac6-4302-8981-d67638c3b414,56, ,
dec52192-ed97-4856-b082-8d15f1f5ad25,56, ,
7c43359f-4770-4aef-8020-26fb350db276,56, ,
e5beb77f-11a7-4824-8760-7030bd4209b9,56, ,
d07653d9-4fb4-410f-8bfc-fc8cd30d5a85,56, ,
8508ce40-1bcd-4ab8-b98c-a6618a159d8b,56, ,
4587f92e-3b13-4477-b3ee-53a9094db4be,56, ,
3542679d-a7af-4581-aa7b-7a63fcab01f8,22, ,
a692e1d4-d686-4f08-9e08-15e02b7ac864,22, ,
ec9dc010-52f8-4a2f-8b32-1c783195796f,22, ,
e6f48c88-cf1d-439b-8bf1-5849d5e35876,22, ,
2a2e95d0-657e-4df6-bb15-743a783f2169,22, ,
d06d18e2-cb78-408d-819f-8e962c3d06a1,22, ,
cd884e06-a7c6-4a18-90ec-f7d23c4e8fec,22, ,
4d7f0b6e-c1e0-48b0-bc02-345894046b5a,22, ,
68cfc743-d9c4-407b-9414-21658abdceba,22, ,
b852247b-37ed-45cc-94bd-b373aa8d01c9,22, ,
5d9c5665-6fa0-4e6b-9471-97950ceb0339,22, ,
1ecda990-5ef3-4c8f-9558-5e1aa81d9d8f,22, ,
8d17dce6-d6d2-4112-86ac-9e5440001a9c,22, ,
2ac7770d-f004-458d-9689-82451f482246,22, ,
a9e75c1a-c0f7-4243-840d-7b0baa2a4f8d,22, ,
96c70830-2758-4267-91bd-39454455b7fa,22, ,
fead4a18-6a08-4d21-8d5e-f76c9750d109,22, ,
f5932161-7a74-402c-9c81-4805c51d55f1,22, ,
2dc362ac-469f-4600-85c1-a70193448b6d,22, ,
933972c8-e079-4749-9b29-ead17a7e856f,22, ,
5d64d31b-4628-476e-a4e3-429aab29d541,22, ,
f8d44b1e-6af5-436b-bbaa-2c5156bad026,22, ,
144c9422-bdab-437a-b897-a1e643bda9e3,22, ,
1ac58b0c-15b6-41b0-8807-9f34ca1deea2,66, ,
8f7b4be9-1c7b-4f85-9266-d18674c3a15b,66, ,
42f34144-a80c-43c0-a417-b1a4729c0e63,66, ,
b342cf84-d74c-42b0-9aca-997edced2dcb,66, ,
ae675974-a906-44c1-b242-f7ce344f06ad,66, ,
b236e70d-6444-412d-8d8b-c0a511038119,66, ,
35e1f3cb-991d-4d78-91c5-c1b73d526585,66, ,
e01d0dd2-ecc6-4214-8996-b8e5bfeefee8,66, ,
18ce7858-d40e-4b27-8445-6f852f0fc4b5,66, ,
2c223556-661f-4bd3-aff5-8d93a675b5b5,66, ,
d451a04a-b0af-4a7f-a1d1-7e6621d8bf59,66, ,
eb7dad3f-8eb1-4f78-9347-bd8fdba0ef71,66, ,
ca83c0be-3654-45b0-9534-fcbbfd1e124b,66, ,
3848c2d1-a2fb-4766-a2c5-730e748b4302,66, ,
4cee94e1-f1c1-421b-90b2-c2c8c404dd03,66, ,
153bfbfc-a54b-441c-9446-193a5e44200c,66, ,
fb666967-b40a-492c-bebc-c13bfd1fc19f,66, ,
a9b8101c-54c3-493d-96cc-0d4c74d38635,66, ,
e4fcfbb8-a7cb-4572-bde6-0bcd2dd4fde0,66, ,
73205972-9ad6-42cf-a7a2-b8ac6988b467,32, ,
f00d889e-39c3-4a2a-8d92-8ff569cea2ef,32, ,
320b2998-29b4-43ff-9ee4-022b81cbbd65,32, ,
8ac1f426-3dc6-4193-9d56-d5e5fcdd1556,32, ,
ef066336-e63a-4ac3-b059-f47350c995d2,32, ,
6a952358-49ad-4c16-8576-660d17843326,32, ,
b25bfbe2-5736-4a5e-8530-22cb79f6188f,32, ,
34d86b94-9c04-4ad3-9d00-66cf79e09176,32, ,
0bcb3edb-2831-4547-a087-e075caef3687,32, ,
1914e736-aa72-429f-9fd1-640c24f64ea2,32, ,
f3e99d02-6193-4663-a1e7-7a5cccffc317,32, ,
bcfcfb1e-0fab-47ae-856a-4f4741c32e7f,32, ,
f17b2d5a-8449-4205-84e8-d8a8241180a3,32, ,
08d048cc-7474-4bca-bd8a-3fd40b540525,32, ,
13e162e8-c929-4f83-8f27-5f7cde441de6,32, ,
5f65ff1d-b6d2-4648-be26-d52d94ea3f4f,32, ,
0a80ade7-54ea-4960-8969-658ca903d8ad,32, ,
4575197c-e86e-44ae-a5b7-d706757455df,32, ,
028d0bd4-edd2-4eb4-9848-7cf3b73b07e3,51, ,
b616c3ab-5700-4a4c-9504-4060e7cbc3f3,51, ,
6f6b6073-9578-4a63-81af-21137363ffc3,51, ,
0705267d-cc77-4e26-9922-bbe503927e0d,51, ,
b5825bf5-b307-4bbe-8736-95cfad51e6bd,51, ,
563a2cb7-6c87-46e4-b824-43b4e8802e85,51, ,
ca5bcd75-87ce-4cf3-a6df-1c6daf49f06e,51, ,
b2defc16-d84f-46f7-8133-785eef46b5e3,51, ,
50c1aa79-dafd-4dea-87d0-df8b3a768b5f,51, ,
33517ae5-3e0f-47a5-91b7-b8b8c9d0523a,51, ,
3dcabe82-1824-40e1-b041-8d479d6f16dc,51, ,
5fc20ada-2a9a-4cba-89d7-70e5037eaf42,51, ,
6c3bf220-3c11-4873-8253-4ef1c3c89c08,51, ,
5d4c9d36-cb44-46ed-9e5c-d764d58bd583,51, ,
9f61d20a-6202-4fda-a379-9ba64f003c89,51, ,
7762af3e-1c2d-4570-a025-93033d83e391,51, ,
b987d166-d55a-4628-b8fb-50e1680e5475,51, ,
66b5d6e6-5b30-4196-a856-7f1b87341ebe,51, ,
69bd3414-cd53-490b-9e28-9ffe7b411332,51, ,
d6b713f4-c59e-45c4-85d6-04b9e178924f,51, ,
e30c683b-55c9-43ef-82d8-344edce65a03,51, ,
9012b548-79a5-4f8d-a013-630051b94b6a,51, ,
8aead199-7e18-4220-b9c2-2dded0cd9fe7,51, ,
3e82045b-2272-4eba-b133-00fc9e8ffb83,43, ,
c4634cfc-e139-4947-8de9-0bdbe9adc2aa,43, ,
028173de-1def-43d3-92b0-6e13c12fa6f3,43, ,
70136054-cd6a-40b0-ad65-c09aab1569eb,43, ,
406d1ae2-976e-4e37-a1a3-e9e4ce2a024b,43, ,
f7af89b5-93ab-4113-a649-186f2f645542,43, ,
ff70b133-3c94-4816-a6e9-7ee73ee513a7,43, ,
4cbfb484-ebf5-4c2e-8037-58bcfdcf46cb,43, ,
f3397621-78d2-4e23-b969-5ff279b9b514,43, ,
25bd82b6-85d7-4dcc-b79c-8a17ccf9ea0f,43, ,
03f26cd5-b38f-4229-9a88-c2df32db1d1d,43, ,
1b396a76-0864-4c5e-b9f9-60dd8d228853,43, ,
60e746fa-c464-494b-912c-e42fea4bf866,43, ,
6bf5d58a-3b74-4e80-b0b7-8932e03ff5c9,43, ,
c75e29e3-1011-4fed-aab2-9c55f5bc8dab,43, ,
ef1bcd60-48fc-44c1-8ad5-eae4acb08f7a,43, ,
43dbe183-d0a0-46b3-9d8e-b3853d123171,61, ,
0727a32c-279b-42c8-aaea-ed92dfaf01f1,61, ,
13ae5391-7d0c-4c33-9289-673e5c3ee16e,61, ,
cd10a679-3b00-456d-a55b-6c5ccfa6ae47,61, ,
8bea4cc8-b7d8-407f-b5e2-a15078ffb1f4,61, ,
e6fd602b-d9a8-435b-8525-9b2b53d8b273,61, ,
315d93ce-b7af-461a-8c0a-349ff833dae5,61, ,
58f1127d-5e87-4f59-9661-1456166d17a1,61, ,
0b8e8d85-017f-43fc-9483-add0367f545a,61, ,
703a3497-8680-4119-8d63-69deeea491df,61, ,
acf0e5b9-2d7c-403d-a515-196712e6a13a,61, ,
572bdf29-fa9b-4d24-81b1-8a35d11a455b,61, ,
7a770e59-92ac-48e5-ac41-9c4ece1eb99c,61, ,
b9aa21d1-cfc9-4a2e-9668-d130f05af3b9,61, ,
6ac5337b-4e97-4ea2-ae48-3fe27150eb61,61, ,
d7d16804-0553-4fea-83d5-00d0aaa42f91,61, ,
8c5ac3ea-0ee9-48df-a9ae-515e1279d1dd,61, ,
d2d7a063-0483-4f30-b153-42563073acdb,61, ,
9ebaa2ef-8c14-4e59-b092-09cd4d220e34,61, ,
de5efbbc-4914-4172-bc14-483af47d4669,28, ,
44888463-b899-4e78-909d-6061c4a5b79b,28, ,
8322f1d2-f04e-46a6-a92a-c338e0e6b85f,28, ,
bddd6159-b9a0-4eef-bacb-e18533d6630c,28, ,
d0523ea8-601a-4f18-8114-424e9b993473,28, ,
c12af829-e36e-4f41-a035-2e506c9f44f9,28, ,
34daeaef-5d5f-4e3b-a500-9d3a69149cde,28, ,
8b58d915-930e-4c80-8f3d-e0c2a86bec19,28, ,
963b8869-5c1e-4da0-b87a-28552b3bc549,28, ,
1ece2c90-b6cf-496b-97c0-2ee666671ca4,28, ,
81c93e90-53c0-4873-a818-cb39d1e1bd04,28, ,
b9ea67bf-f984-42d0-ae7a-087eddffdcbd,28, ,
7ff7fd29-71bb-442b-9dc1-ee778c1f67b5,28, ,
7e3b4e3d-69be-4b45-909f-6bec15cb36ad,28, ,









































































































































































































































































































































































































































































































































































































































































































































































































































































































































































































































