Id,Name
520b67fe-c627-46e3-8280-7fe610e632a2,Brewery 1
255337de-1c37-42d9-b448-b16506e46da8,Brewery 2
26250394-a5e8-4ac5-a25b-adb6ac30df6d,Brewery 3
b3a291db-4883-490e-a783-4106dc683d56,Brewery 4
4971d342-d949-41eb-aa74-02314376a3f3,Brewery 5
f46b909d-08ac-4bc1-a696-4fddc675ef77,Brewery 6
9b768d5a-ba31-4532-8ff6-375f9e2f2159,Brewery 7
743832d3-4161-41b9-9e5b-bf82e17f14f0,Brewery 8
d43c177a-9a65-47c5-a270-309bbbc63d28,Brewery 9
9ff00a5c-9e24-49fd-beb0-ef8f88c536d7,Brewery 10
a68e2606-90e6-428f-bba3-f4e290cf8b26,Brewery 11
7cf736c8-b791-44fb-acb9-dc92fdfc3cfd,Brewery 12
7ae9d69b-f136-4c3f-a42f-9ded79e5d559,Brewery 13
5191cbde-9b2d-4edd-91f8-d0358d726d51,Brewery 14
fc174e31-69da-4593-be4f-29757866f636,Brewery 15
1dba6535-d571-4ca4-949a-511c33e3c9e1,Brewery 16
8f5f1718-f4a4-4dbc-be08-e11be4ba13e6,Brewery 17
7644785d-69f5-4dac-8206-0dd943a1fd2d,Brewery 18
49deb245-437f-4cfa-a645-983b79854bec,Brewery 19
14178df3-bb93-49e9-bf9f-104cabdb83d1,Brewery 20
85b9c390-ad98-49bb-b8e4-4beac72a219c,Brewery 21
7fdde7b0-5dfb-441c-92d1-a27d078a7746,Brewery 22
c3e002a6-8b60-4a62-9dee-056eceb1582d,Brewery 23
4dfe5546-2e17-4a91-a072-bc42d1e0ccb2,Brewery 24
fc383e53-d3ca-4c3a-a926-4c0c23cd4ffb,Brewery 25
d936f510-44fb-4527-851c-8ff538c1517d,Brewery 26
d0bb7124-5ee1-4bfc-b4a5-9ad53020945b,Brewery 27
83225498-ef82-4096-9cae-d0ac35288f74,Brewery 28
ca0013ef-9563-4966-adea-04076a81ed94,Brewery 29
dbeacb8c-f60e-4891-8a03-82dc9e16af08,Brewery 30
00a659ae-6f0e-4bf7-ab42-341876ce3a4d,Brewery 31
40774db8-9e7d-4614-96a6-ca6e694bd4e0,Brewery 32
8e6c9ade-a510-46c6-9dd7-d0abde67ef87,Brewery 33
4c8afe85-9169-4def-9021-be63548d77c0,Brewery 34
50bc341a-cba0-404b-8236-bf72b61592cb,Brewery 35
d01ea7dd-21e4-4c1c-827f-51e834f56c94,Brewery 36
f5751448-39d6-4d20-818d-e83226544bdf,Brewery 37
1c137dbb-a028-4fef-9b75-42e5963c75db,Brewery 38
6b107c07-5913-4e35-9a11-39786a1b9319,Brewery 39
07234d33-edf8-4b7b-9e92-4619e0fe0f1d,Brewery 40
75ece425-6037-4d58-aa0c-22ee67f69815,Brewery 41
2c6491f5-a35c-45aa-a071-2de5488bfe07,Brewery 42
b081e645-f992-48cb-8e1a-c20e7fc6e09d,Brewery 43
8e7bc308-c252-41dc-a371-c18944ff8b54,Brewery 44
4cc9e29f-714e-4206-8bbf-48bbbd1896a8,Brewery 45
f7703558-c5ac-4c60-a4d3-0c3eac58951d,Brewery 46
f7f20bf6-a691-4560-90a9-07a267dd266a,Brewery 47
b32b87b3-9eff-49e3-8ba5-31327969fc05,Brewery 48
219c1fd6-5e31-4d4b-bbae-daf90811f17a,Brewery 49
f50fa900-e489-4a6e-bcba-69c48cf1d649,Brewery 50
ce3a4374-d32c-41d6-bdb2-181b77bef83d,Brewery 51
4cfc5e8d-13e6-407a-a906-36b928d2f53e,Brewery 52
73c60e1b-53e7-4213-836a-e041f2419a9c,Brewery 53
abdb98a7-553d-4fae-88b7-eb78f7f4605f,Brewery 54
8de9d735-5687-42ca-93fd-18b8b6b5ac3b,Brewery 55
26949365-bbfe-4312-9cbc-c84e05998453,Brewery 56
f3aa8561-6f00-4f57-b6c0-2c8a6e0a8484,Brewery 57
28196b87-249a-4bba-a1e2-818799dad9a9,Brewery 58
bb176629-99e6-4b7d-8881-7dfbb71fd849,Brewery 59
ba6d0a78-edd3-4bdf-b0fb-ad03008f7884,Brewery 60
0aa58f0c-776b-4b80-8290-a1da9e06083f,Brewery 61
f925087d-9294-43aa-8e1b-8c879f859c84,Brewery 62
e483be19-8300-495a-8fbb-d2e26adf5128,Brewery 63
f009bb0a-d542-44d6-b68c-120f6f978249,Brewery 64
052578ba-1fb3-4fcf-aa11-c1bd17f631f9,Brewery 65
be7ae1ce-ea01-4322-8b4d-174ca58c8c78,Brewery 66
e33c80c2-a801-4cbb-940f-f52d5ce32eb0,Brewery 67
cb718c03-91e1-468b-8959-4ba6ff4306cf,Brewery 68
664e8990-4f21-4453-a57f-154a5b0921f5,Brewery 69
7acc019e-dec4-4419-a9f0-98506d89e1a4,Brewery 70
09d1cd9c-78bc-407c-91b6-af3b716f1792,Brewery 71
885bcd84-be21-41ba-9cbd-49a891e07217,Brewery 72
316ec160-ca42-42aa-a9db-40a4f3074e88,Brewery 73
6681993f-26c5-47b4-b303-4908cf359ee6,Brewery 74
071a227b-2bda-48c0-9512-0389943b60c4,Brewery 75
adbb8e84-7ffe-4d1d-b1fb-ec959acfcd58,Brewery 76
8c3c706a-482e-441d-a0e1-7ff4a81020a9,Brewery 77
cdd2f225-158c-4c6e-8dab-bfc16267120f,Brewery 78
dcd84f4f-d407-4a94-b4c2-204f0c44aa11,Brewery 79
350cd48a-66be-4110-ab67-db4b8871407c,Brewery 80
b1bfec8e-2192-4777-bd2d-53928a685cf6,Brewery 81
78cd1657-f71c-4e06-9d4c-7db4689ea99f,Brewery 82
ace6831a-8829-49f7-930c-0abf73d3fb00,Brewery 83
0ae7c06a-b609-4869-9b09-92a27e451c16,Brewery 84
1e534b6e-0749-424d-bfd6-a5ee7b91cc7c,Brewery 85
6a88db7d-9c55-439d-95f0-165ffecbfd02,Brewery 86
844814b1-13ac-4f67-882a-f4b89c4cc4cd,Brewery 87
ead59779-c8f8-4fa3-bfaa-6028218982de,Brewery 88
3f6a8bc4-645f-4ede-8ac6-922495328b93,Brewery 89
c9eb24d4-b50a-43ba-aefc-5357e72058f9,Brewery 90
a5b60a9d-9715-4339-88db-9592f61dae6a,Brewery 91
06eea6dc-2b24-4b74-9e35-e9edaf982758,Brewery 92
708b1b97-0df8-42d3-a68f-44de395fd684,Brewery 93
e7272281-c2de-4971-bf44-1e69334a89a4,Brewery 94
0e3ef08c-0053-4ed5-88ab-8a266d7e92e6,Brewery 95
d8ab78ec-e5cd-4f31-8a7d-3a74d8a5de51,Brewery 96
7460adea-f4bb-493f-b421-a48ea1b2cdfa,Brewery 97
1abc3cc7-73f8-49ce-b24c-132f3623629d,Brewery 98
5a2c19dc-b960-4fc1-afc1-ca98e9add6d3,Brewery 99
c4ef58fb-e2bd-428d-a33f-8f0893bb1955,Brewery 100